{
  "index": "/index.html",  
  "assetGroups": [
    {
      "name": "app",
      "installMode": "prefetch",
      "resources": {
        "files": [
          "/favicon.ico",
          "/index.html",
          "/*.css",
          "/*.js",
          ""
        ]
      }
    }
  ],
  "dataGroups": [
    {
      "name": "movie",
      "urls": [
        "https://api.themoviedb.org/3/*",
        "/assets/i18n/**",
        "/api/**",
        "http://localhost:3002/*",
        "https://image.tmdb.org/*"
      ],
      "cacheConfig": {
        "maxSize": 8,
        "maxAge": "12h",
        "timeout": "2s",
        "strategy": "freshness"
      }
    }
  ],
  "buildOptimizer": true,
"serviceWorker": true,
"ngswConfigPath": "src/ngsw-config.json",
"fileReplacements": [
  {
    "replace": "src/environments/environment.ts",
    "with": "src/environments/environment.prod.ts"
  }]
}